{
    "eval_exact_match": 0.2803738317757009,
    "eval_exec": 0.3794392523364486,
    "eval_loss": 0.6714565753936768,
    "eval_runtime": 932.7519,
    "eval_samples": 535,
    "eval_samples_per_second": 0.574
}