{
    "eval_exact_match": 0.15454545454545454,
    "eval_exec": 0.23636363636363636,
    "eval_loss": 0.8557883501052856,
    "eval_runtime": 281.0786,
    "eval_samples": 110,
    "eval_samples_per_second": 0.391
}