{
    "eval_exact_match": 0.16363636363636364,
    "eval_exec": 0.2545454545454545,
    "eval_loss": 0.8398295044898987,
    "eval_runtime": 162.2963,
    "eval_samples": 110,
    "eval_samples_per_second": 0.678
}