{
    "eval_exact_match": 0.504950495049505,
    "eval_exec": 0.5247524752475248,
    "eval_loss": 0.6129744648933411,
    "eval_runtime": 302.8866,
    "eval_samples": 101,
    "eval_samples_per_second": 0.333
}