{
    "eval_exact_match": 0.16363636363636364,
    "eval_exec": 0.2636363636363636,
    "eval_loss": 0.6636492013931274,
    "eval_runtime": 190.2484,
    "eval_samples": 110,
    "eval_samples_per_second": 0.578
}