{
    "eval_exact_match": 0.534816247582205,
    "eval_exec": 0.5589941972920697,
    "eval_loss": 0.46090462803840637,
    "eval_runtime": 5217.2126,
    "eval_samples": 1034,
    "eval_samples_per_second": 0.198
}