{
    "eval_exact_match": 0.534816247582205,
    "eval_exec": 0.5531914893617021,
    "eval_loss": 0.4607759714126587,
    "eval_runtime": 1923.237,
    "eval_samples": 1034,
    "eval_samples_per_second": 0.538
}