{
    "eval_exact_match": 0.3452611218568665,
    "eval_exec": 0.38781431334622823,
    "eval_loss": 0.7460762858390808,
    "eval_runtime": 1822.502,
    "eval_samples": 1034,
    "eval_samples_per_second": 0.567
}