{
    "eval_exact_match": 0.2545454545454545,
    "eval_exec": 0.33636363636363636,
    "eval_loss": 1.1507694721221924,
    "eval_runtime": 195.0778,
    "eval_samples": 110,
    "eval_samples_per_second": 0.564
}