{
    "eval_exact_match": 0.5435203094777563,
    "eval_exec": 0.5647969052224371,
    "eval_loss": 0.4561455249786377,
    "eval_runtime": 1951.9074,
    "eval_samples": 1034,
    "eval_samples_per_second": 0.53
}