{"eval_exact_match": 0.7722772277227723, "eval_exec": 0.7722772277227723, "eval_loss": 0.38461145758628845, "eval_runtime": 2212.223, "eval_samples": 1034, "eval_samples_per_second": 0.467}