{
    "eval_exact_match": 0.2803738317757009,
    "eval_exec": 0.3663551401869159,
    "eval_loss": 1.2625824213027954,
    "eval_runtime": 209.0337,
    "eval_samples": 535,
    "eval_samples_per_second": 2.559
}