{
    "eval_exact_match": 0.5319148936170213,
    "eval_exec": 0.5560928433268859,
    "eval_loss": 0.4595058858394623,
    "eval_runtime": 1693.7833,
    "eval_samples": 1034,
    "eval_samples_per_second": 0.61
}